timestamp,symbol,open,high,low,close,volume,daily_return
2024-05-01 04:00:00+00:00,AAPL,169.58,172.705,169.11,169.3,50383147.0,-0.006047085070157943
2024-05-01 04:00:00+00:00,MSFT,392.61,401.7199,390.31,394.94,23562481.0,0.014409369943235939
2024-05-01 04:00:00+00:00,HOOD,16.43,17.35,16.31,16.65,8903479.0,0.009702850212249814
2024-05-02 04:00:00+00:00,AAPL,172.51,173.415,170.89,173.03,94214915.0,0.022031896042528087
2024-05-02 04:00:00+00:00,MSFT,397.66,399.93,394.6515,397.84,17709364.0,0.007342887527219233
2024-05-02 04:00:00+00:00,HOOD,16.93,17.63,16.76,17.61,7544744.0,0.057657657657657735
2024-05-03 04:00:00+00:00,AAPL,186.645,187.0,182.66,183.38,163224109.0,0.05981621684101013
2024-05-03 04:00:00+00:00,MSFT,402.28,407.15,401.86,406.66,17446724.0,0.022169716468932288
2024-05-03 04:00:00+00:00,HOOD,17.88,18.135,17.63,17.95,9478765.0,0.01930721181147077
2024-05-06 04:00:00+00:00,MSFT,408.76,413.93,406.3701,413.54,16996639.0,0.016918310136231796
2024-05-06 04:00:00+00:00,HOOD,17.63,18.46,17.48,17.78,18716931.0,-0.009470752089136392
2024-05-06 04:00:00+00:00,AAPL,182.354,184.2,180.42,181.71,78569667.0,-0.009106772821463549
2024-05-07 04:00:00+00:00,HOOD,17.75,18.26,17.67,17.99,12486155.0,0.011811023622047001
2024-05-07 04:00:00+00:00,AAPL,183.45,184.9,181.32,182.4,77305771.0,0.0037972593693247347
2024-05-07 04:00:00+00:00,MSFT,414.66,414.67,409.09,409.34,20018228.0,-0.01015621221647256
2024-05-08 04:00:00+00:00,HOOD,17.6,17.9378,17.37,17.85,23043846.0,-0.007782101167315036
2024-05-08 04:00:00+00:00,AAPL,182.85,183.07,181.45,182.74,45057087.0,0.0018640350877192624
2024-05-08 04:00:00+00:00,MSFT,408.17,412.23,406.7132,410.54,11792308.0,0.0029315483461183067
2024-05-09 04:00:00+00:00,HOOD,19.042,19.47,17.04,17.3,51207410.0,-0.03081232492997199
2024-05-09 04:00:00+00:00,AAPL,182.56,184.66,182.11,184.57,48982972.0,0.010014227864725722
2024-05-09 04:00:00+00:00,MSFT,410.57,412.72,409.1,412.32,14689727.0,0.00433575291080035
2024-05-10 04:00:00+00:00,HOOD,17.42,17.69,16.22,16.23,24466185.0,-0.06184971098265901
2024-05-10 04:00:00+00:00,MSFT,412.935,415.38,411.8,414.74,13402281.0,0.005869227784245368
2024-05-10 04:00:00+00:00,AAPL,184.9,185.09,182.13,183.05,50759496.0,-0.008235357858806913
2024-05-13 04:00:00+00:00,MSFT,418.01,418.348,410.82,413.72,15440226.0,-0.002459372136760285
2024-05-13 04:00:00+00:00,HOOD,16.62,17.61,16.57,16.89,24385630.0,0.04066543438077641
2024-05-13 04:00:00+00:00,AAPL,185.435,187.1,184.62,186.28,72054409.0,0.017645452062277966
2024-05-14 04:00:00+00:00,MSFT,412.02,417.49,411.55,416.56,15109306.0,0.006864546069805577
2024-05-14 04:00:00+00:00,HOOD,17.77,18.67,17.65,18.02,33654517.0,0.06690349319123734
2024-05-14 04:00:00+00:00,AAPL,187.51,188.3,186.29,187.43,52393619.0,0.006173502254670504
2024-05-15 04:00:00+00:00,MSFT,417.9,423.81,417.27,423.08,22239533.0,0.015652006913769778
2024-05-15 04:00:00+00:00,HOOD,18.35,18.5799,17.57,18.52,19468518.0,0.027746947835738167
2024-05-15 04:00:00+00:00,AAPL,187.91,190.65,187.37,189.72,70399988.0,0.012217894680680796
2024-05-16 04:00:00+00:00,HOOD,18.41,19.24,17.86,17.9,22141594.0,-0.03347732181425489
2024-05-16 04:00:00+00:00,AAPL,190.47,191.095,189.6601,189.84,52845230.0,0.0006325110689437974
2024-05-16 04:00:00+00:00,MSFT,421.8,425.42,420.35,420.99,17530050.0,-0.0049399640729884675
2024-05-17 04:00:00+00:00,AAPL,189.51,190.81,189.18,189.87,41282925.0,0.00015802781289497858
2024-05-17 04:00:00+00:00,MSFT,422.54,422.92,418.025,420.21,15352239.0,-0.0018527756003706708
2024-05-17 04:00:00+00:00,HOOD,18.96,20.34,18.45,20.09,53207439.0,0.12234636871508386
2024-05-20 04:00:00+00:00,AAPL,189.325,191.9199,189.01,191.04,44361275.0,0.006162110917996566
2024-05-20 04:00:00+00:00,MSFT,420.21,426.77,419.99,425.34,16292137.0,0.012208181623474035
2024-05-20 04:00:00+00:00,HOOD,19.94,20.89,19.53,20.84,25792939.0,0.03733200597312103
2024-05-21 04:00:00+00:00,AAPL,191.09,192.73,190.9201,192.35,42309401.0,0.006857202680067065
2024-05-21 04:00:00+00:00,MSFT,426.825,432.97,424.85,429.04,21453255.0,0.008698923214369714
2024-05-21 04:00:00+00:00,HOOD,21.04,21.21,20.41,20.96,20960675.0,0.0057581573896352545
2024-05-22 04:00:00+00:00,MSFT,430.09,432.41,427.13,430.52,18073698.0,0.0034495618124184
2024-05-22 04:00:00+00:00,HOOD,20.9,21.03,19.59,19.66,20978609.0,-0.06202290076335881
2024-05-22 04:00:00+00:00,AAPL,192.265,192.8231,190.27,190.9,34648547.0,-0.007538341564855666
2024-05-23 04:00:00+00:00,HOOD,19.92,19.94,19.115,19.24,17758087.0,-0.021363173957273718
2024-05-23 04:00:00+00:00,AAPL,190.98,191.0,186.625,186.88,51005924.0,-0.021058145625982294
2024-05-23 04:00:00+00:00,MSFT,432.97,433.6,425.424,427.0,17211689.0,-0.008176159063458144
2024-05-24 04:00:00+00:00,HOOD,19.3,20.565,19.0666,20.51,20914822.0,0.06600831600831625
2024-05-24 04:00:00+00:00,AAPL,188.82,190.58,188.0404,189.98,36326975.0,0.016588184931506822
2024-05-24 04:00:00+00:00,MSFT,427.19,431.055,424.41,430.16,11855285.0,0.007400468384074932
2024-05-28 04:00:00+00:00,HOOD,20.618,20.99,20.05,20.47,18147581.0,-0.0019502681618723816
2024-05-28 04:00:00+00:00,AAPL,191.51,193.0,189.1,189.99,52280051.0,5.263711969694107e-05
2024-05-28 04:00:00+00:00,MSFT,429.63,430.82,426.6,430.32,15718024.0,0.00037195462153616354
2024-05-29 04:00:00+00:00,AAPL,189.61,192.247,189.51,190.29,53068016.0,0.001579030475288068
2024-05-29 04:00:00+00:00,MSFT,425.69,430.94,425.69,429.17,15517130.0,-0.0026724298196689755
2024-05-29 04:00:00+00:00,HOOD,20.75,21.14,20.27,21.085,23053058.0,0.030043966780654685
2024-05-30 04:00:00+00:00,MSFT,424.3,424.3,414.24,414.67,28424847.0,-0.03378614535032742
2024-05-30 04:00:00+00:00,HOOD,21.3,22.26,20.91,21.84,36228882.0,0.0358074460516955
2024-05-30 04:00:00+00:00,AAPL,190.76,192.18,190.63,191.29,49947941.0,0.0052551368963160705
2024-05-31 04:00:00+00:00,MSFT,416.75,416.75,404.51,415.13,47995250.0,0.001109315841512526
2024-05-31 04:00:00+00:00,HOOD,21.91,22.34,20.165,20.9,31219334.0,-0.04304029304029311
2024-05-31 04:00:00+00:00,AAPL,191.44,192.57,189.91,192.25,75158277.0,0.005018558210047708
2024-06-03 04:00:00+00:00,MSFT,415.525,416.43,408.9234,413.52,17484675.0,-0.0038783031821357783
2024-06-03 04:00:00+00:00,HOOD,21.9,22.4,20.73,21.28,26098129.0,0.0181818181818183
2024-06-03 04:00:00+00:00,AAPL,192.9,194.99,192.52,194.03,50080539.0,0.009258777633289972
2024-06-04 04:00:00+00:00,MSFT,412.43,416.44,409.675,416.07,14348917.0,0.00616656993615794
2024-06-04 04:00:00+00:00,AAPL,194.635,195.32,193.0342,194.35,47471445.0,0.0016492295005927637
2024-06-04 04:00:00+00:00,HOOD,21.04,21.625,20.66,20.78,17412353.0,-0.023496240601503793
2024-06-05 04:00:00+00:00,AAPL,195.4,196.9,194.87,195.87,54156785.0,0.007820941600205966
2024-06-05 04:00:00+00:00,MSFT,417.81,424.08,416.3,424.01,16988038.0,0.01908332732472906
2024-06-05 04:00:00+00:00,HOOD,21.0,21.59,20.39,21.57,14410376.0,0.03801732435033678
2024-06-06 04:00:00+00:00,AAPL,195.685,196.5,194.17,194.48,41181753.0,-0.0070965436258744186
2024-06-06 04:00:00+00:00,MSFT,424.01,425.31,420.58,424.52,14861251.0,0.001202801820711752
2024-06-06 04:00:00+00:00,HOOD,22.25,23.25,21.744,22.97,40881175.0,0.06490496059341666
2024-06-07 04:00:00+00:00,AAPL,194.65,196.94,194.14,196.89,53103912.0,0.012392019744960958
2024-06-07 04:00:00+00:00,MSFT,426.2,426.28,423.0,423.85,13621650.0,-0.0015782530858380328
2024-06-07 04:00:00+00:00,HOOD,22.52,23.69,22.145,22.18,24723105.0,-0.03439268611232038
2024-06-10 04:00:00+00:00,MSFT,424.7,428.08,423.89,427.87,14003034.0,0.009484487436593136
2024-06-10 04:00:00+00:00,HOOD,22.1,23.525,22.06,23.42,17959474.0,0.055906221821460766
2024-06-10 04:00:00+00:00,AAPL,196.9,197.3,192.15,193.12,97262077.0,-0.019147747473208354
2024-06-11 04:00:00+00:00,HOOD,22.832,23.305,22.13,23.22,14472823.0,-0.008539709649872052
2024-06-11 04:00:00+00:00,AAPL,193.65,207.16,193.63,207.15,172460296.0,0.07264913007456508
2024-06-11 04:00:00+00:00,MSFT,425.475,432.82,425.25,432.68,14551101.0,0.011241732301867424
2024-06-12 04:00:00+00:00,HOOD,24.0,24.28,23.5301,23.7,21351365.0,0.02067183462532296
2024-06-12 04:00:00+00:00,AAPL,207.37,220.2,206.9,213.07,198134293.0,0.028578324885348616
2024-06-12 04:00:00+00:00,MSFT,435.32,443.4,433.25,441.06,22366233.0,0.019367662013497267
2024-06-13 04:00:00+00:00,HOOD,23.69,23.74,22.92,23.31,13045759.0,-0.016455696202531622
2024-06-13 04:00:00+00:00,MSFT,440.85,443.39,439.37,441.58,15960565.0,0.0011789779168367431
2024-06-13 04:00:00+00:00,AAPL,214.74,216.75,211.6,214.24,97862729.0,0.005491153142159977
2024-06-14 04:00:00+00:00,MSFT,438.275,443.1376,436.721,442.57,13581985.0,0.002241949363648743
2024-06-14 04:00:00+00:00,HOOD,23.1,23.57,22.36,22.42,13059615.0,-0.03818103818103802
2024-06-14 04:00:00+00:00,AAPL,213.85,215.17,211.3,212.49,70122748.0,-0.008168409260642218
2024-06-17 04:00:00+00:00,MSFT,442.585,450.94,440.72,448.37,20790030.0,0.01310527148247731
2024-06-17 04:00:00+00:00,HOOD,22.32,22.72,21.7,22.25,13998331.0,-0.007582515611061602
2024-06-17 04:00:00+00:00,AAPL,213.37,218.95,212.72,216.67,93728300.0,0.019671513953597675
2024-06-18 04:00:00+00:00,MSFT,449.705,450.14,444.89,446.34,17112504.0,-0.004527510761201725
2024-06-18 04:00:00+00:00,HOOD,21.97,22.22,21.8,21.86,10181103.0,-0.01752808988764043
2024-06-18 04:00:00+00:00,AAPL,217.59,218.63,213.0,214.29,79943254.0,-0.010984446393132341
2024-06-20 04:00:00+00:00,HOOD,22.0,22.07,21.1801,21.73,13386625.0,-0.005946935041171053
2024-06-20 04:00:00+00:00,AAPL,213.93,214.24,208.85,209.68,86172451.0,-0.02151290307527176
2024-06-20 04:00:00+00:00,MSFT,446.3,446.53,441.27,445.7,19877378.0,-0.0014338844826813357
2024-06-21 04:00:00+00:00,AAPL,210.39,211.89,207.11,207.49,246421353.0,-0.010444486837085099
2024-06-21 04:00:00+00:00,MSFT,447.38,450.58,446.51,449.78,34486172.0,0.009154139555755059
2024-06-21 04:00:00+00:00,HOOD,21.52,22.33,21.25,22.29,21034118.0,0.02577082374597328
2024-06-24 04:00:00+00:00,AAPL,207.72,212.7,206.59,208.14,80727006.0,0.0031326810930645266
2024-06-24 04:00:00+00:00,MSFT,449.8,452.75,446.41,447.67,15913719.0,-0.004691182355818335
2024-06-24 04:00:00+00:00,HOOD,21.85,22.3299,20.88,21.37,19032635.0,-0.04127411395244496
2024-06-25 04:00:00+00:00,AAPL,209.15,211.38,208.61,209.07,56713868.0,0.004468146439896348
2024-06-25 04:00:00+00:00,MSFT,448.25,451.42,446.75,450.95,16747529.0,0.007326825563473083
2024-06-25 04:00:00+00:00,HOOD,21.48,22.285,21.22,22.14,12242454.0,0.03603182030884411
2024-06-26 04:00:00+00:00,AAPL,211.5,214.86,210.64,213.25,66213186.0,0.019993303678193852
2024-06-26 04:00:00+00:00,HOOD,22.68,23.3299,22.22,22.31,19146072.0,0.007678410117434531
2024-06-26 04:00:00+00:00,MSFT,449.0,453.6,448.19,452.16,16507030.0,0.002683224304246723
2024-06-27 04:00:00+00:00,HOOD,22.44,22.7911,22.27,22.59,7318577.0,0.012550425818018907
2024-06-27 04:00:00+00:00,AAPL,214.69,215.7395,212.35,214.1,49772707.0,0.00398593200468933
2024-06-27 04:00:00+00:00,MSFT,452.175,456.17,451.77,452.85,14806324.0,0.0015260084925690087
2024-06-28 04:00:00+00:00,HOOD,22.64,23.085,22.34,22.71,11598150.0,0.005312084993359889
2024-06-28 04:00:00+00:00,AAPL,215.77,216.07,210.3,210.62,82403710.0,-0.01625408687529184
2024-06-28 04:00:00+00:00,MSFT,453.07,455.38,446.41,446.95,28220056.0,-0.013028596665562664
2024-07-01 04:00:00+00:00,HOOD,22.82,23.13,22.43,22.79,11188162.0,0.003522677234698346
2024-07-01 04:00:00+00:00,AAPL,212.09,217.51,211.92,216.75,60402929.0,0.02910454847592825
2024-07-01 04:00:00+00:00,MSFT,448.66,457.37,445.66,456.73,17662818.0,0.02188164224186151
2024-07-02 04:00:00+00:00,AAPL,216.15,220.38,215.1,220.27,58046178.0,0.016239907727797043
2024-07-02 04:00:00+00:00,MSFT,453.2,459.59,453.113,459.28,13979779.0,0.005583167297965819
2024-07-02 04:00:00+00:00,HOOD,22.635,22.8,22.07,22.46,9492247.0,-0.014480035103115352
2024-07-03 04:00:00+00:00,MSFT,458.19,461.02,457.88,460.77,9932830.0,0.003244208326075526
2024-07-03 04:00:00+00:00,HOOD,22.45,23.129,22.45,22.89,7631195.0,0.019145146927871837
2024-07-03 04:00:00+00:00,AAPL,220.0,221.55,219.03,221.55,37369801.0,0.0058110500749080085
2024-07-05 04:00:00+00:00,MSFT,459.61,468.35,458.965,467.56,16000290.0,0.014736202443735635
2024-07-05 04:00:00+00:00,HOOD,22.08,22.74,21.72,22.68,9400851.0,-0.00917431192660556
2024-07-05 04:00:00+00:00,AAPL,221.65,226.45,221.65,226.34,60412408.0,0.02162040171518842
2024-07-08 04:00:00+00:00,MSFT,466.55,467.7,464.46,466.24,12962321.0,-0.0028231670801608377
2024-07-08 04:00:00+00:00,HOOD,22.72,22.88,21.91,22.09,10579861.0,-0.026014109347442638
2024-07-08 04:00:00+00:00,AAPL,227.09,227.85,223.25,227.82,59085861.0,0.006538835380401231
2024-07-09 04:00:00+00:00,HOOD,22.25,23.27,22.15,22.6,12196790.0,0.023087369850611106
2024-07-09 04:00:00+00:00,AAPL,227.93,229.4,226.3721,228.68,48169822.0,0.0037749100166799554
2024-07-09 04:00:00+00:00,MSFT,467.0,467.33,458.0,459.54,17228507.0,-0.014370281400137297
2024-07-10 04:00:00+00:00,AAPL,229.3,233.08,229.25,232.98,62627687.0,0.01880356830505492
2024-07-10 04:00:00+00:00,MSFT,461.22,466.46,458.855,466.25,18196100.0,0.014601558079818888
2024-07-10 04:00:00+00:00,HOOD,22.71,22.87,22.08,22.32,12625289.0,-0.012389380530973493
2024-07-11 04:00:00+00:00,AAPL,231.39,232.39,225.77,227.57,64710617.0,-0.02322087732852607
2024-07-11 04:00:00+00:00,MSFT,462.98,464.78,451.55,454.7,23111175.0,-0.024772117962466478
2024-07-11 04:00:00+00:00,HOOD,22.65,22.98,21.98,22.04,13151524.0,-0.012544802867383575
2024-07-12 04:00:00+00:00,AAPL,228.92,232.64,228.68,230.54,53046527.0,0.01305092938436525
2024-07-12 04:00:00+00:00,MSFT,454.325,456.36,450.645,453.55,16324274.0,-0.002529140092368598
2024-07-12 04:00:00+00:00,HOOD,22.0,22.4451,21.75,22.28,10380668.0,0.010889292196007316
2024-07-15 04:00:00+00:00,MSFT,453.3,457.26,451.43,453.96,14429447.0,0.0009039797155769858
2024-07-15 04:00:00+00:00,HOOD,23.0,24.01,22.76,23.94,20401730.0,0.07450628366247747
2024-07-15 04:00:00+00:00,AAPL,236.48,237.23,233.09,234.4,62631252.0,0.016743298343020685
2024-07-16 04:00:00+00:00,HOOD,24.06,24.81,23.35,24.63,23046681.0,0.028822055137844416
2024-07-16 04:00:00+00:00,AAPL,235.0,236.27,232.33,234.82,43234278.0,0.0017918088737201021
2024-07-16 04:00:00+00:00,MSFT,454.22,454.3,446.66,449.52,17175679.0,-0.009780597409463354
2024-07-17 04:00:00+00:00,HOOD,24.13,24.88,23.57,24.18,14124911.0,-0.018270401948842885
2024-07-17 04:00:00+00:00,AAPL,229.45,231.4599,226.64,228.88,57345884.0,-0.025295971382335414
2024-07-17 04:00:00+00:00,MSFT,442.59,444.85,439.18,443.52,21754021.0,-0.013347570742124892
2024-07-18 04:00:00+00:00,HOOD,24.22,24.45,22.66,22.83,14304702.0,-0.05583126550868489
2024-07-18 04:00:00+00:00,AAPL,230.28,230.44,222.27,224.18,66034585.0,-0.020534778049632996
2024-07-18 04:00:00+00:00,MSFT,444.34,444.65,434.4,440.37,20794822.0,-0.007102272727272707
2024-07-19 04:00:00+00:00,HOOD,22.94,23.87,22.8,23.41,9348426.0,0.025405168637757436
2024-07-19 04:00:00+00:00,MSFT,433.1,441.14,432.0,437.11,20940417.0,-0.007402865771964473
2024-07-19 04:00:00+00:00,AAPL,224.82,226.8,223.275,224.31,49151453.0,0.0005798911588901223
2024-07-22 04:00:00+00:00,MSFT,441.79,444.6,438.9125,442.94,15808755.0,0.01333760380682203
2024-07-22 04:00:00+00:00,HOOD,23.24,24.02,23.095,23.42,16691414.0,0.0004271678769756093
2024-07-22 04:00:00+00:00,AAPL,227.01,227.78,223.09,223.96,48201835.0,-0.001560340600062382
2024-07-23 04:00:00+00:00,MSFT,443.895,448.39,443.1,444.85,13107050.0,0.004312096446471347
2024-07-23 04:00:00+00:00,HOOD,23.23,23.4,22.82,22.87,10292573.0,-0.02348420153714781
2024-07-23 04:00:00+00:00,AAPL,224.365,226.94,222.68,225.01,39960260.0,0.004688337203071935
2024-07-24 04:00:00+00:00,MSFT,440.45,441.48,427.585,428.9,26805800.0,-0.03585478251095886
2024-07-24 04:00:00+00:00,HOOD,22.66,22.9062,21.36,21.41,13153076.0,-0.06383909051158732
2024-07-24 04:00:00+00:00,AAPL,224.0,224.8,217.13,218.54,61777576.0,-0.028754277587662802
2024-07-25 04:00:00+00:00,HOOD,21.16,21.785,20.63,21.18,9131006.0,-0.010742643624474524
2024-07-25 04:00:00+00:00,AAPL,218.93,220.85,214.62,217.49,51391199.0,-0.004804612427930732
2024-07-25 04:00:00+00:00,MSFT,428.8,429.8,417.51,418.4,29943795.0,-0.024481231056190267
2024-07-26 04:00:00+00:00,AAPL,218.7,219.49,216.01,217.96,41601345.0,0.002161018897420597
2024-07-26 04:00:00+00:00,MSFT,418.2,428.915,417.27,425.27,23583839.0,0.016419694072657753
2024-07-26 04:00:00+00:00,HOOD,21.59,21.985,21.125,21.2,8362497.0,0.0009442870632672129
2024-07-29 04:00:00+00:00,AAPL,216.96,219.3,215.75,218.24,36311778.0,0.0012846393833731984
2024-07-29 04:00:00+00:00,MSFT,431.58,432.15,424.7042,426.73,15125836.0,0.003433113081101613
2024-07-29 04:00:00+00:00,HOOD,21.56,21.84,20.95,21.18,8115146.0,-0.0009433962264150386
2024-07-30 04:00:00+00:00,MSFT,427.72,429.05,417.36,422.92,32687578.0,-0.008928362196236495
2024-07-30 04:00:00+00:00,HOOD,21.3,21.35,20.29,20.4,11020800.0,-0.03682719546742219
2024-07-30 04:00:00+00:00,AAPL,219.19,220.325,216.12,218.8,41643840.0,0.002565982404692191
2024-07-31 04:00:00+00:00,HOOD,20.84,21.2076,20.53,20.57,9201949.0,0.008333333333333526
2024-07-31 04:00:00+00:00,AAPL,221.44,223.82,220.63,222.08,50036262.0,0.014990859232175469
2024-07-31 04:00:00+00:00,MSFT,420.495,421.775,412.21,418.35,42891366.0,-0.010805826160976029
2024-08-01 04:00:00+00:00,HOOD,20.89,21.3,19.83,20.24,13110741.0,-0.016042780748663166
2024-08-01 04:00:00+00:00,AAPL,224.37,224.48,217.02,218.36,62500996.0,-0.016750720461095048
2024-08-01 04:00:00+00:00,MSFT,420.785,427.46,413.0901,417.11,30296400.0,-0.002964025337635956
2024-08-02 04:00:00+00:00,HOOD,19.2,19.29,17.69,17.88,30564473.0,-0.11660079051383399
2024-08-02 04:00:00+00:00,AAPL,219.15,225.6,217.71,219.86,105568560.0,0.006869389998168218
2024-08-02 04:00:00+00:00,MSFT,412.49,415.0,404.34,408.49,29437900.0,-0.020666011363908776
2024-08-05 04:00:00+00:00,AAPL,199.09,213.5,196.0,209.27,119548589.0,-0.0481670153734195
2024-08-05 04:00:00+00:00,MSFT,389.17,401.04,385.58,395.15,40709238.0,-0.03265685818502295
2024-08-05 04:00:00+00:00,HOOD,14.7,16.725,13.98,16.42,44991066.0,-0.08165548098433995
2024-08-06 04:00:00+00:00,MSFT,400.0,405.67,398.5,399.61,24946525.0,0.011286853093761984
2024-08-06 04:00:00+00:00,HOOD,17.03,17.52,16.25,17.21,22515083.0,0.0481120584652861
2024-08-06 04:00:00+00:00,AAPL,205.3,209.99,201.07,207.23,69660488.0,-0.009748172217709294
2024-08-07 04:00:00+00:00,MSFT,408.635,410.08,397.47,398.43,20650906.0,-0.0029528790570806374
2024-08-07 04:00:00+00:00,HOOD,17.6,17.64,16.86,17.12,32590340.0,-0.00522951772225444
2024-08-07 04:00:00+00:00,AAPL,206.9,213.64,206.39,209.82,63516417.0,0.01249819041644562
2024-08-08 04:00:00+00:00,MSFT,402.44,405.86,399.9407,402.69,20203030.0,0.010691965966418193
2024-08-08 04:00:00+00:00,HOOD,17.665,18.1,16.68,17.73,48790451.0,0.035630841121495394
2024-08-08 04:00:00+00:00,AAPL,213.11,214.2,208.83,213.31,47161149.0,0.016633304737394106
2024-08-09 04:00:00+00:00,MSFT,404.03,408.05,402.2624,406.02,19276666.0,0.008269388363256969
2024-08-09 04:00:00+00:00,AAPL,212.1,216.78,211.97,216.24,42201646.0,0.013735877361586546
2024-08-09 04:00:00+00:00,HOOD,17.8,18.2799,17.55,17.92,17345932.0,0.010716300056401673
2024-08-12 04:00:00+00:00,AAPL,216.07,219.5099,215.6,217.53,38028092.0,0.005965593784683643
2024-08-12 04:00:00+00:00,MSFT,407.06,408.76,404.2434,406.81,16762883.0,0.00194571695975565
2024-08-12 04:00:00+00:00,HOOD,18.36,18.79,18.1062,18.54,18899085.0,0.03459821428571419
2024-08-13 04:00:00+00:00,AAPL,219.01,221.89,219.01,221.27,44155331.0,0.01719303084632018
2024-08-13 04:00:00+00:00,MSFT,409.59,414.95,409.57,414.01,19414271.0,0.01769867997345198
2024-08-13 04:00:00+00:00,HOOD,18.78,18.84,18.36,18.41,12906962.0,-0.007011866235167141
2024-08-14 04:00:00+00:00,AAPL,220.57,223.03,219.7,221.72,41960574.0,0.002033714466488812
2024-08-14 04:00:00+00:00,MSFT,414.8,417.72,412.4456,416.86,18266980.0,0.006883891693437505
2024-08-14 04:00:00+00:00,HOOD,18.73,19.06,18.57,18.65,13613554.0,0.0130363932645301
2024-08-15 04:00:00+00:00,MSFT,419.8,421.11,417.66,421.03,20752144.0,0.010003358441682986
2024-08-15 04:00:00+00:00,HOOD,19.32,20.07,19.135,19.55,23025914.0,0.04825737265415553
2024-08-15 04:00:00+00:00,AAPL,224.6,225.35,222.76,224.72,46414013.0,0.013530579108785856
2024-08-16 04:00:00+00:00,HOOD,19.51,20.04,19.4,19.98,14101693.0,0.021994884910485846
2024-08-16 04:00:00+00:00,AAPL,223.92,226.8271,223.6501,226.05,44340240.0,0.005918476326094657
2024-08-16 04:00:00+00:00,MSFT,420.6,421.34,417.3,418.47,22775593.0,-0.006080326817566317
2024-08-19 04:00:00+00:00,HOOD,19.935,20.31,19.81,20.28,11372150.0,0.01501501501501501
2024-08-19 04:00:00+00:00,AAPL,225.72,225.99,223.04,225.89,40687813.0,-0.0007078080070781478
2024-08-19 04:00:00+00:00,MSFT,418.96,421.75,416.46,421.53,15233957.0,0.007312352139938305
2024-08-20 04:00:00+00:00,HOOD,20.36,20.43,19.69,19.83,10363686.0,-0.022189349112426204
2024-08-20 04:00:00+00:00,AAPL,225.77,227.17,225.45,226.51,30299033.0,0.002744698747177754
2024-08-20 04:00:00+00:00,MSFT,421.7,425.86,421.64,424.8,16387581.0,0.007757454985410472
2024-08-21 04:00:00+00:00,AAPL,226.52,227.98,225.05,226.4,34765480.0,-0.0004856297735198467
2024-08-21 04:00:00+00:00,MSFT,424.075,426.4,421.72,424.14,16067298.0,-0.001553672316384258
2024-08-21 04:00:00+00:00,HOOD,19.73,20.205,19.52,20.18,9837147.0,0.017650025214321907
2024-08-22 04:00:00+00:00,MSFT,424.36,426.7899,414.61,415.55,19361901.0,-0.020252746734568672
2024-08-22 04:00:00+00:00,HOOD,20.14,20.37,19.85,19.89,7417947.0,-0.01437066402378584
2024-08-22 04:00:00+00:00,AAPL,227.79,228.34,223.9,224.53,43695321.0,-0.008259717314487602
2024-08-23 04:00:00+00:00,MSFT,416.98,419.26,412.09,416.79,18493784.0,0.0029839971122609388
2024-08-23 04:00:00+00:00,HOOD,20.062,21.21,20.0,21.12,13294483.0,0.06184012066365008
2024-08-23 04:00:00+00:00,AAPL,225.6589,228.22,224.33,226.84,38677250.0,0.010288157484523275
2024-08-26 04:00:00+00:00,MSFT,416.365,417.2799,411.34,413.49,13152830.0,-0.007917656373713444
2024-08-26 04:00:00+00:00,HOOD,21.12,21.16,20.79,20.96,10676331.0,-0.007575757575757569
2024-08-26 04:00:00+00:00,AAPL,226.76,227.28,223.8905,227.18,30602208.0,0.0014988538176687882
2024-08-27 04:00:00+00:00,HOOD,20.8,21.54,20.59,21.36,8052553.0,0.01908396946564883
2024-08-27 04:00:00+00:00,AAPL,225.995,228.85,224.89,228.03,35934559.0,0.003741526542829554
2024-08-27 04:00:00+00:00,MSFT,412.86,414.36,410.25,413.84,13492911.0,0.0008464533604197744
2024-08-28 04:00:00+00:00,AAPL,227.92,229.86,225.68,226.49,38052167.0,-0.006753497346840276
2024-08-28 04:00:00+00:00,MSFT,414.88,415.0,407.31,410.6,14882660.0,-0.007829112700560525
2024-08-28 04:00:00+00:00,HOOD,21.15,21.1993,20.0,20.32,10959698.0,-0.048689138576779034
2024-08-29 04:00:00+00:00,AAPL,230.1,232.92,228.88,229.79,51906297.0,0.014570179698882857
2024-08-29 04:00:00+00:00,MSFT,414.94,422.05,410.6,413.12,17045241.0,0.006137359961032596
2024-08-29 04:00:00+00:00,HOOD,20.4,20.655,20.09,20.17,7621530.0,-0.007381889763779403
2024-08-30 04:00:00+00:00,AAPL,230.19,230.4,227.48,229.0,52990770.0,-0.003437921580573544
2024-08-30 04:00:00+00:00,MSFT,415.6,417.49,412.13,417.14,24308324.0,0.009730828814872083
2024-08-30 04:00:00+00:00,HOOD,20.38,20.4,19.835,20.12,11026191.0,-0.0024789291026277027
2024-09-03 04:00:00+00:00,AAPL,228.55,229.0,221.17,222.77,50190574.0,-0.027205240174672407
2024-09-03 04:00:00+00:00,HOOD,19.755,19.965,19.21,19.37,11353453.0,-0.03727634194831009
2024-09-03 04:00:00+00:00,MSFT,417.91,419.88,407.03,409.44,20313603.0,-0.018459030541305044
2024-09-04 04:00:00+00:00,HOOD,19.01,19.61,18.8108,19.11,9923300.0,-0.0134228187919464
2024-09-04 04:00:00+00:00,AAPL,221.66,221.78,217.48,220.85,43840196.0,-0.008618754769493253
2024-09-04 04:00:00+00:00,MSFT,405.91,411.24,404.37,408.9,15135806.0,-0.0013188745603751606
2024-09-05 04:00:00+00:00,HOOD,19.0,19.68,18.84,19.67,11493534.0,0.029304029304029422
2024-09-05 04:00:00+00:00,AAPL,221.625,225.48,221.52,222.38,36615398.0,0.0069277790355444235
2024-09-05 04:00:00+00:00,MSFT,407.62,413.1,406.13,408.39,14195516.0,-0.0012472487160675172
2024-09-06 04:00:00+00:00,HOOD,19.74,20.2399,18.71,18.94,12834240.0,-0.03711235383833256
2024-09-06 04:00:00+00:00,AAPL,223.95,225.24,219.77,220.82,48423011.0,-0.007015019336271244
2024-09-06 04:00:00+00:00,MSFT,409.06,410.65,400.8,401.7,19609526.0,-0.016381400132226553
2024-09-09 04:00:00+00:00,AAPL,220.82,221.27,216.71,220.91,67179965.0,0.0004075717779186139
2024-09-09 04:00:00+00:00,MSFT,407.24,408.65,402.15,405.72,15295134.0,0.010007468259895624
2024-09-09 04:00:00+00:00,HOOD,19.21,19.83,19.04,19.66,10350580.0,0.03801478352692711
2024-09-10 04:00:00+00:00,MSFT,408.2,416.33,407.7,414.2,19594287.0,0.020901114068815785
2024-09-10 04:00:00+00:00,HOOD,19.6,19.739,18.825,19.7,10336504.0,0.0020345879959307034
2024-09-10 04:00:00+00:00,AAPL,218.92,221.48,216.73,220.11,51591033.0,-0.003621384274138717
2024-09-11 04:00:00+00:00,MSFT,415.5,423.99,409.58,423.04,19266923.0,0.02134234669241919
2024-09-11 04:00:00+00:00,HOOD,19.58,20.795,19.54,20.64,12396201.0,0.0477157360406093
2024-09-11 04:00:00+00:00,AAPL,221.455,223.09,217.89,222.66,44587072.0,0.011585116532642603
2024-09-12 04:00:00+00:00,MSFT,423.31,427.3692,419.75,427.0,17418759.0,0.009360816944024242
2024-09-12 04:00:00+00:00,HOOD,20.83,21.735,20.67,21.64,13536081.0,0.04844961240310086
2024-09-12 04:00:00+00:00,AAPL,222.5,223.55,219.82,222.77,37498225.0,0.0004940267672686183
2024-09-13 04:00:00+00:00,MSFT,425.825,431.83,425.46,430.59,15874555.0,0.008407494145199035
2024-09-13 04:00:00+00:00,AAPL,223.58,224.04,221.91,222.5,36766619.0,-0.0012120123894600043
2024-09-13 04:00:00+00:00,HOOD,21.695,22.43,21.61,22.07,11931614.0,0.019870609981515797
2024-09-16 04:00:00+00:00,AAPL,216.54,217.22,213.92,216.32,59357427.0,-0.027775280898876487
2024-09-16 04:00:00+00:00,MSFT,430.6,433.53,428.22,431.34,13834697.0,0.0017417961401797744
2024-09-16 04:00:00+00:00,HOOD,21.704,22.535,21.5,22.21,8155644.0,0.006343452650656944
2024-09-17 04:00:00+00:00,AAPL,215.75,216.9,214.5,216.79,45519339.0,0.0021727071005916976
2024-09-17 04:00:00+00:00,MSFT,440.23,441.85,432.27,435.15,18874231.0,0.00883293921268602
2024-09-17 04:00:00+00:00,HOOD,22.545,22.93,22.4,22.64,8636576.0,0.01936064835659601
2024-09-18 04:00:00+00:00,AAPL,217.55,222.71,217.54,220.69,59894928.0,0.01798975967526184
2024-09-18 04:00:00+00:00,MSFT,435.0,436.03,430.41,430.81,18898042.0,-0.009973572331379965
2024-09-18 04:00:00+00:00,HOOD,22.7,23.495,22.34,22.95,13807208.0,0.013692579505300229
2024-09-19 04:00:00+00:00,MSFT,441.225,441.5,436.9,438.69,21706559.0,0.018291126018430415
2024-09-19 04:00:00+00:00,HOOD,23.936,24.06,22.74,22.81,14118875.0,-0.006100217864923763
2024-09-19 04:00:00+00:00,AAPL,224.99,229.82,224.63,228.87,66781315.0,0.03706556708505149
2024-09-20 04:00:00+00:00,HOOD,22.81,22.955,22.31,22.73,22849812.0,-0.003507233669443166
2024-09-20 04:00:00+00:00,AAPL,229.97,233.09,227.62,228.2,318679888.0,-0.0029274260497226257
2024-09-20 04:00:00+00:00,MSFT,437.22,439.24,434.22,435.27,55167106.0,-0.007795937906038497
2024-09-23 04:00:00+00:00,HOOD,22.782,23.325,22.6234,22.7,11694162.0,-0.0013198416190057793
2024-09-23 04:00:00+00:00,AAPL,227.34,229.45,225.81,226.47,54146023.0,-0.007581069237510896
2024-09-23 04:00:00+00:00,MSFT,434.28,436.46,430.3889,433.51,15128891.0,-0.004043467273186718
2024-09-24 04:00:00+00:00,HOOD,22.68,22.85,22.2523,22.77,7446081.0,0.003083700440528636
2024-09-24 04:00:00+00:00,AAPL,228.645,229.35,225.73,227.37,43556068.0,0.003974036296198191
2024-09-24 04:00:00+00:00,MSFT,433.0,433.35,426.1,429.17,17015754.0,-0.010011303084127232
2024-09-25 04:00:00+00:00,HOOD,22.58,22.82,22.335,22.39,4989415.0,-0.01668862538427751
2024-09-25 04:00:00+00:00,MSFT,429.83,433.119,428.57,432.11,13396364.0,0.006850432229652537
2024-09-25 04:00:00+00:00,AAPL,224.93,227.29,224.02,226.37,42308715.0,-0.004398117605664775
2024-09-26 04:00:00+00:00,MSFT,435.085,435.3,429.13,431.31,14492044.0,-0.001851380435537231
2024-09-26 04:00:00+00:00,HOOD,22.78,22.88,22.19,22.43,9350659.0,0.001786511835640825
2024-09-26 04:00:00+00:00,AAPL,227.3,228.5,225.41,227.52,36636707.0,0.005080178468878316
2024-09-27 04:00:00+00:00,MSFT,431.52,431.85,427.47,428.02,14896131.0,-0.007627924230831695
2024-09-27 04:00:00+00:00,HOOD,22.55,23.98,22.4112,23.89,18021320.0,0.06509139545251896
2024-09-27 04:00:00+00:00,AAPL,228.46,229.52,227.3,227.79,34025967.0,0.0011867088607593335
2024-09-30 04:00:00+00:00,MSFT,428.21,430.42,425.37,430.3,16854606.0,0.005326853885332605
2024-09-30 04:00:00+00:00,HOOD,23.97,24.13,23.08,23.42,10117414.0,-0.019673503557974037
2024-09-30 04:00:00+00:00,AAPL,230.04,233.0,229.65,233.0,54793391.0,0.022871943456692634
2024-10-01 04:00:00+00:00,HOOD,23.4,23.46,22.28,22.33,11467433.0,-0.04654141759180197
2024-10-01 04:00:00+00:00,AAPL,229.52,229.65,223.74,226.21,63285048.0,-0.02914163090128752
2024-10-01 04:00:00+00:00,MSFT,428.45,428.48,418.81,420.69,19092945.0,-0.022333255867999058
2024-10-02 04:00:00+00:00,AAPL,225.89,227.37,223.02,226.78,32880605.0,0.0025197825029839027
2024-10-02 04:00:00+00:00,MSFT,422.58,422.82,416.71,417.13,16582257.0,-0.008462288145665409
2024-10-02 04:00:00+00:00,HOOD,22.42,23.18,22.33,22.63,12009725.0,0.01343484102104786
2024-10-03 04:00:00+00:00,AAPL,225.14,226.805,223.32,225.67,34044158.0,-0.004894611517770597
2024-10-03 04:00:00+00:00,MSFT,417.63,419.55,414.29,416.54,13686421.0,-0.0014144271570013522
2024-10-03 04:00:00+00:00,HOOD,22.464,22.7092,22.05,22.43,7145969.0,-0.008837825894829843
2024-10-04 04:00:00+00:00,AAPL,227.9,228.0,224.13,226.8,37345098.0,0.005007311561129102
2024-10-04 04:00:00+00:00,MSFT,418.24,419.75,414.97,416.06,19190913.0,-0.001152350314495676
2024-10-04 04:00:00+00:00,HOOD,23.0,23.39,22.61,22.89,9729249.0,0.020508247882300434
2024-10-07 04:00:00+00:00,MSFT,416.0,417.11,409.0,409.54,20919761.0,-0.0156708167091284
2024-10-07 04:00:00+00:00,HOOD,22.75,23.425,22.72,23.32,10007876.0,0.018785495849716005
2024-10-07 04:00:00+00:00,AAPL,224.5,225.69,221.33,221.69,39505354.0,-0.02253086419753092
2024-10-08 04:00:00+00:00,HOOD,23.47,25.8,23.44,25.61,39241472.0,0.09819897084048024
2024-10-08 04:00:00+00:00,AAPL,224.3,225.98,223.25,225.77,31855693.0,0.018404077766250193
2024-10-08 04:00:00+00:00,MSFT,410.9,415.66,408.17,414.71,19229261.0,0.012623919519460847
2024-10-09 04:00:00+00:00,HOOD,25.49,25.69,24.17,25.65,22201810.0,0.0015618898867628683
2024-10-09 04:00:00+00:00,AAPL,225.23,229.75,224.83,229.54,33591091.0,0.01669840988616733
2024-10-09 04:00:00+00:00,MSFT,415.86,420.38,414.3,417.46,14974257.0,0.006631139832654176
2024-10-10 04:00:00+00:00,HOOD,25.5,25.87,24.705,25.5,12990173.0,-0.005847953216374213
2024-10-10 04:00:00+00:00,AAPL,227.78,229.5,227.17,229.04,28183544.0,-0.002178269582643555
2024-10-10 04:00:00+00:00,MSFT,415.225,417.35,413.15,415.84,13848376.0,-0.0038806113160542166
2024-10-11 04:00:00+00:00,AAPL,229.3,229.41,227.34,227.55,31759188.0,-0.006505413901501833
2024-10-11 04:00:00+00:00,MSFT,416.135,417.13,413.25,416.32,14144944.0,0.001154290111581524
2024-10-11 04:00:00+00:00,HOOD,25.75,26.65,25.69,26.27,16868918.0,0.03019607843137262
2024-10-14 04:00:00+00:00,MSFT,417.77,424.04,417.52,419.14,16653086.0,0.006773635664873101
2024-10-14 04:00:00+00:00,HOOD,26.9,27.14,26.16,27.0,17233030.0,0.02778835173201366
2024-10-14 04:00:00+00:00,AAPL,228.7,231.73,228.6,231.3,39882085.0,0.016479894528675043
2024-10-15 04:00:00+00:00,MSFT,422.18,422.48,415.26,418.74,18900201.0,-0.0009543350670420114
2024-10-15 04:00:00+00:00,HOOD,27.135,27.33,25.905,26.8,16466537.0,-0.007407407407407418
2024-10-15 04:00:00+00:00,AAPL,233.61,237.49,232.37,233.85,64751367.0,0.011024643320363126
2024-10-16 04:00:00+00:00,MSFT,415.17,416.36,410.48,416.12,15508932.0,-0.006256865835602032
2024-10-16 04:00:00+00:00,HOOD,27.04,27.172,26.565,26.93,12381959.0,0.004850746268656669
2024-10-16 04:00:00+00:00,AAPL,231.6,232.12,229.84,231.78,34082240.0,-0.008851828094932568
2024-10-17 04:00:00+00:00,MSFT,422.36,422.5,415.59,416.72,14820004.0,0.0014418917619918314
2024-10-17 04:00:00+00:00,AAPL,233.43,233.85,230.52,232.15,32993810.0,0.0015963413581845387
2024-10-17 04:00:00+00:00,HOOD,27.08,27.08,26.086,26.32,11588294.0,-0.022651318232454476
2024-10-18 04:00:00+00:00,AAPL,236.18,236.18,234.01,235.0,46431472.0,0.012276545337066569
2024-10-18 04:00:00+00:00,MSFT,417.14,419.65,416.2601,418.16,17145317.0,0.00345555768861594
2024-10-18 04:00:00+00:00,HOOD,26.55,27.04,26.42,26.83,10721237.0,0.01937689969604861
2024-10-21 04:00:00+00:00,AAPL,234.45,236.85,234.45,236.48,36254470.0,0.006297872340425448
2024-10-21 04:00:00+00:00,MSFT,416.12,418.96,413.7501,418.78,14206115.0,0.0014826860531853558
2024-10-21 04:00:00+00:00,HOOD,26.78,27.105,26.18,26.97,10284171.0,0.005218039508013472
2024-10-22 04:00:00+00:00,AAPL,233.885,236.22,232.6,235.86,38846578.0,-0.0026217861975641465
2024-10-22 04:00:00+00:00,MSFT,418.49,430.5793,418.04,427.51,25482197.0,0.020846267730073142
2024-10-22 04:00:00+00:00,HOOD,26.9,27.6,26.82,27.41,11978848.0,0.01631442343344469
2024-10-23 04:00:00+00:00,HOOD,27.11,27.3856,26.28,26.7,10203219.0,-0.02590295512586649
2024-10-23 04:00:00+00:00,AAPL,234.08,235.144,227.76,230.76,52286979.0,-0.021622996692953533
2024-10-23 04:00:00+00:00,MSFT,430.855,431.08,422.53,424.6,19654379.0,-0.006806858319103548
2024-10-24 04:00:00+00:00,MSFT,425.325,425.9782,422.4,424.73,13581631.0,0.0003061705134244086
2024-10-24 04:00:00+00:00,AAPL,229.98,230.82,228.41,230.57,31109503.0,-0.0008233662679840714
2024-10-24 04:00:00+00:00,HOOD,26.95,27.33,26.69,27.22,7687320.0,0.019475655430711614
2024-10-25 04:00:00+00:00,HOOD,27.51,27.75,26.92,27.06,8752240.0,-0.005878030859661987
2024-10-25 04:00:00+00:00,MSFT,426.76,432.52,426.565,428.15,16899064.0,0.008052174322510597
2024-10-25 04:00:00+00:00,AAPL,229.74,233.22,229.57,231.41,38802304.0,0.0036431452487313276
2024-10-28 04:00:00+00:00,MSFT,431.655,431.94,426.3,426.59,14882444.0,-0.003643582856475591
2024-10-28 04:00:00+00:00,HOOD,27.935,28.23,27.51,27.88,14670889.0,0.030303030303030276
2024-10-28 04:00:00+00:00,AAPL,233.32,234.73,232.55,233.4,36087134.0,0.00859945551186203
2024-10-29 04:00:00+00:00,AAPL,233.1,234.325,232.32,233.67,35417247.0,0.0011568123393315144
2024-10-29 04:00:00+00:00,MSFT,428.0,433.17,425.8001,431.95,17644080.0,0.012564757729904619
2024-10-29 04:00:00+00:00,HOOD,28.25,28.36,27.6001,28.03,13257630.0,0.0053802008608321295
2024-10-30 04:00:00+00:00,HOOD,27.915,28.575,27.55,28.21,26660923.0,0.006421691045308542
2024-10-30 04:00:00+00:00,AAPL,232.61,233.47,229.55,230.1,47070907.0,-0.015277956091924505
2024-10-30 04:00:00+00:00,MSFT,437.435,438.5,432.1,432.53,29749149.0,0.0013427480032410788
2024-10-31 04:00:00+00:00,AAPL,229.34,229.83,225.37,225.91,64370086.0,-0.018209474141677506
2024-10-31 04:00:00+00:00,HOOD,26.02,26.48,23.15,23.49,45738937.0,-0.1673165544133287
2024-10-31 04:00:00+00:00,MSFT,415.36,416.16,406.3,406.35,53970981.0,-0.06052759346172509
2024-11-01 04:00:00+00:00,MSFT,409.01,415.5,407.5,410.37,24230442.0,0.009892949427833031
2024-11-01 04:00:00+00:00,AAPL,220.965,225.35,220.27,222.91,65276741.0,-0.01327962462927712
2024-11-01 04:00:00+00:00,HOOD,23.7,24.1178,23.0,23.97,21594091.0,0.020434227330779153
2024-11-04 05:00:00+00:00,AAPL,220.99,222.79,219.71,222.01,44944468.0,-0.004037503925351071
2024-11-04 05:00:00+00:00,HOOD,23.75,24.56,23.5401,24.32,15067248.0,0.014601585314977017
2024-11-04 05:00:00+00:00,MSFT,409.8,410.415,405.5713,408.46,19672286.0,-0.004654336330628506
2024-11-05 05:00:00+00:00,HOOD,24.535,25.275,24.42,24.96,12947193.0,0.026315789473684292
2024-11-05 05:00:00+00:00,AAPL,221.795,223.95,221.14,223.45,28111338.0,0.006486194315571403
2024-11-05 05:00:00+00:00,MSFT,408.37,414.9,408.08,411.46,17626011.0,0.007344660431866101
2024-11-06 05:00:00+00:00,AAPL,222.61,226.065,221.19,222.72,54561121.0,-0.0032669501006936663
2024-11-06 05:00:00+00:00,HOOD,27.73,30.06,26.74,29.86,49591636.0,0.19631410256410242
2024-11-06 05:00:00+00:00,MSFT,412.42,420.45,410.52,420.18,26681842.0,0.021192825548048466
2024-11-07 05:00:00+00:00,AAPL,224.625,227.875,224.57,227.48,42137691.0,0.021372126436781658
2024-11-07 05:00:00+00:00,HOOD,29.06,30.04,28.67,29.36,24913048.0,-0.016744809109176195
2024-11-07 05:00:00+00:00,MSFT,421.28,426.85,419.88,425.43,19901782.0,0.012494645152077766
2024-11-08 05:00:00+00:00,AAPL,227.17,228.66,226.405,226.96,38328824.0,-0.0022859152452961995
2024-11-08 05:00:00+00:00,HOOD,29.35,30.63,29.21,30.54,22564144.0,0.04019073569482279
2024-11-08 05:00:00+00:00,MSFT,425.32,426.5,421.78,422.54,16891414.0,-0.006793126953905437
2024-11-11 05:00:00+00:00,MSFT,422.515,424.81,416.0,418.01,24503321.0,-0.01072087849671044
2024-11-11 05:00:00+00:00,AAPL,225.0,225.7,221.5,224.23,42005602.0,-0.012028551286570432
2024-11-11 05:00:00+00:00,HOOD,32.94,34.32,32.23,32.8,43967193.0,0.07400130975769481
2024-11-12 05:00:00+00:00,MSFT,418.25,424.44,417.2,423.03,19401204.0,0.012009282074591399
2024-11-12 05:00:00+00:00,AAPL,224.55,225.59,223.355,224.23,40398299.0,0.0
2024-11-12 05:00:00+00:00,HOOD,31.74,33.76,31.46,33.0,26059471.0,0.0060975609756097615
2024-11-13 05:00:00+00:00,HOOD,33.63,34.1,31.8231,31.91,23203628.0,-0.033030303030303076
2024-11-13 05:00:00+00:00,MSFT,421.64,429.325,418.21,425.2,21502185.0,0.005129659834999911
2024-11-13 05:00:00+00:00,AAPL,224.01,226.65,222.76,225.12,48566217.0,0.0039691388306650754
2024-11-14 05:00:00+00:00,HOOD,32.85,33.0,31.5916,32.22,13023394.0,0.00971482293951742
2024-11-14 05:00:00+00:00,MSFT,425.0,428.17,420.0,426.89,30246881.0,0.00397460018814666
2024-11-14 05:00:00+00:00,AAPL,225.02,228.87,225.0,228.22,44923941.0,0.01377043354655294
2024-11-15 05:00:00+00:00,HOOD,32.01,32.355,31.26,32.32,17537523.0,0.0031036623215394687
2024-11-15 05:00:00+00:00,AAPL,226.4,226.92,224.27,225.0,47923696.0,-0.014109192884059207
2024-11-15 05:00:00+00:00,MSFT,419.82,422.8,413.64,415.0,28247644.0,-0.02785260840029047
2024-11-18 05:00:00+00:00,AAPL,225.25,229.74,225.17,228.02,44691859.0,0.013422222222222224
2024-11-18 05:00:00+00:00,HOOD,33.11,35.615,32.9,35.0,36974704.0,0.08292079207920788
2024-11-18 05:00:00+00:00,MSFT,414.87,418.4037,412.1,415.76,24745055.0,0.001831325301204778
2024-11-19 05:00:00+00:00,HOOD,34.56,36.32,34.0,35.24,27227493.0,0.006857142857142895
2024-11-19 05:00:00+00:00,AAPL,226.98,230.16,226.66,228.28,36211774.0,0.0011402508551880963
2024-11-19 05:00:00+00:00,MSFT,413.11,417.94,411.55,417.79,18133529.0,0.004882624591110218
2024-11-20 05:00:00+00:00,AAPL,228.06,229.93,225.89,229.0,35230059.0,0.0031540213772560666
2024-11-20 05:00:00+00:00,HOOD,37.0,38.11,35.72,36.08,35977534.0,0.023836549375709337
2024-11-20 05:00:00+00:00,MSFT,416.87,417.29,410.58,415.49,19325534.0,-0.005505158093779161
2024-11-21 05:00:00+00:00,MSFT,419.5,419.78,410.2887,412.87,20780162.0,-0.006305807600664237
2024-11-21 05:00:00+00:00,HOOD,37.125,37.125,34.63,35.09,27042355.0,-0.027439024390243816
2024-11-21 05:00:00+00:00,AAPL,228.88,230.155,225.7103,228.52,42108327.0,-0.002096069868995576
2024-11-22 05:00:00+00:00,AAPL,228.06,230.7199,228.06,229.87,38168252.0,0.005907579205321145
2024-11-22 05:00:00+00:00,MSFT,411.365,417.4,411.06,417.0,24814626.0,0.010003148690871155
2024-11-22 05:00:00+00:00,HOOD,34.98,36.835,34.17,36.65,21650097.0,0.04445711028783106
2024-11-25 05:00:00+00:00,AAPL,231.46,233.245,229.74,232.87,90152832.0,0.013050854830991332
2024-11-25 05:00:00+00:00,MSFT,418.38,421.08,414.85,418.79,27691090.0,0.004292565947242366
2024-11-25 05:00:00+00:00,HOOD,39.22,39.74,37.3,37.85,29944596.0,0.032742155525238736
2024-11-26 05:00:00+00:00,HOOD,37.05,37.91,36.15,36.42,16612119.0,-0.03778071334214006
2024-11-26 05:00:00+00:00,MSFT,419.585,429.0414,418.85,427.99,23458889.0,0.02196805081305664
2024-11-26 05:00:00+00:00,AAPL,233.33,235.57,233.33,235.06,45986189.0,0.00940438871473348
2024-11-27 05:00:00+00:00,HOOD,37.51,38.29,37.04,37.65,15118539.0,0.03377265238879734
2024-11-27 05:00:00+00:00,MSFT,425.105,427.2299,422.02,422.99,18332444.0,-0.011682515946634275
2024-11-27 05:00:00+00:00,AAPL,234.465,235.69,233.8101,234.93,33498439.0,-0.0005530502850336072
2024-11-29 05:00:00+00:00,AAPL,234.805,237.81,233.97,237.33,28481377.0,0.010215808964372464
2024-11-29 05:00:00+00:00,MSFT,420.09,424.8849,417.8,423.46,16271921.0,0.0011111373791341528
2024-11-29 05:00:00+00:00,HOOD,38.62,39.145,37.51,37.54,13399505.0,-0.0029216467463478724
2024-12-02 05:00:00+00:00,HOOD,37.9249,38.79,37.52,37.62,16070989.0,0.0021310602024506853
2024-12-02 05:00:00+00:00,MSFT,421.57,433.0,421.31,430.98,20207223.0,0.017758465970811876
2024-12-02 05:00:00+00:00,AAPL,237.27,240.79,237.16,239.59,48137103.0,0.009522605654573857
2024-12-03 05:00:00+00:00,HOOD,37.05,38.705,36.61,38.64,17947574.0,0.027113237639553533
2024-12-03 05:00:00+00:00,MSFT,429.84,432.47,427.74,431.2,18301987.0,0.0005104645227156368
2024-12-03 05:00:00+00:00,AAPL,239.81,242.76,238.9,242.65,38861017.0,0.012771818523310774
2024-12-04 05:00:00+00:00,HOOD,39.95,40.57,37.78,40.0,35447137.0,0.035196687370600444
2024-12-04 05:00:00+00:00,AAPL,242.87,244.11,241.25,243.01,44383935.0,0.0014836183803832448
2024-12-04 05:00:00+00:00,MSFT,433.03,439.67,432.63,437.42,26009429.0,0.014424860853432309
2024-12-05 05:00:00+00:00,HOOD,42.71,42.76,38.79,38.92,50453547.0,-0.026999999999999913
2024-12-05 05:00:00+00:00,AAPL,243.99,244.54,242.13,243.04,40033878.0,0.00012345170980609943
2024-12-05 05:00:00+00:00,MSFT,437.92,444.66,436.171,442.62,21697775.0,0.011887888070961417
2024-12-06 05:00:00+00:00,MSFT,442.3,446.1,441.7703,443.57,18821002.0,0.0021463106050336744
2024-12-06 05:00:00+00:00,HOOD,39.59,41.71,38.94,41.67,37242728.0,0.0706577595066804
2024-12-06 05:00:00+00:00,AAPL,242.905,244.63,242.08,242.84,36870619.0,-0.0008229098090848375
2024-12-09 05:00:00+00:00,HOOD,41.39,42.09,39.24,39.54,26493408.0,-0.05111591072714183
2024-12-09 05:00:00+00:00,AAPL,241.83,247.24,241.75,246.75,44649232.0,0.016101136550815243
2024-12-09 05:00:00+00:00,MSFT,442.6,448.33,440.5,446.02,19144388.0,0.00552336722501523
2024-12-10 05:00:00+00:00,MSFT,444.39,449.62,441.6,443.33,18469459.0,-0.006031119680731778
2024-12-10 05:00:00+00:00,AAPL,246.89,248.21,245.34,247.77,36914806.0,0.004133738601823644
2024-12-10 05:00:00+00:00,HOOD,39.81,40.5,37.19,37.36,27808778.0,-0.05513404147698531
2024-12-11 05:00:00+00:00,MSFT,444.05,450.35,444.05,448.99,19200208.0,0.0127670132858142
2024-12-11 05:00:00+00:00,AAPL,247.96,250.8,246.2601,246.49,45205814.0,-0.005166081446502768
2024-12-11 05:00:00+00:00,HOOD,38.5,38.55,37.7,37.84,23327709.0,0.012847965738758127
2024-12-12 05:00:00+00:00,MSFT,449.11,456.1648,449.11,449.56,20834779.0,0.0012695160248556991
2024-12-12 05:00:00+00:00,AAPL,246.89,248.74,245.68,247.96,32777532.0,0.005963730780153442
2024-12-12 05:00:00+00:00,HOOD,37.38,40.19,35.62,39.33,26270381.0,0.03937632135306535
2024-12-13 05:00:00+00:00,HOOD,39.41,40.3465,38.96,40.2,19794863.0,0.02212051868802445
2024-12-13 05:00:00+00:00,AAPL,247.815,249.2902,246.24,248.13,33155290.0,0.000685594450717808
2024-12-13 05:00:00+00:00,MSFT,448.435,451.43,445.58,447.27,20177833.0,-0.00509386956134894
2024-12-16 05:00:00+00:00,HOOD,41.02,43.83,40.53,43.2,36584037.0,0.07462686567164178
2024-12-16 05:00:00+00:00,AAPL,247.99,251.38,247.65,251.04,51694753.0,0.011727723370813736
2024-12-16 05:00:00+00:00,MSFT,447.27,452.18,445.28,451.59,23598834.0,0.00965859547924075
2024-12-17 05:00:00+00:00,AAPL,250.08,253.83,249.78,253.48,51356360.0,0.009719566602931717
2024-12-17 05:00:00+00:00,MSFT,451.01,455.29,449.57,454.46,22733494.0,0.006355322305631184
2024-12-17 05:00:00+00:00,HOOD,42.31,42.31,40.34,41.63,27260425.0,-0.03634259259259265
2024-12-18 05:00:00+00:00,HOOD,41.44,41.489,36.64,37.08,33565240.0,-0.1092961806389624
2024-12-18 05:00:00+00:00,AAPL,252.16,254.28,247.74,248.05,56774101.0,-0.021421808426700273
2024-12-18 05:00:00+00:00,MSFT,451.32,452.65,437.02,437.39,24444545.0,-0.03756106147955818
2024-12-19 05:00:00+00:00,HOOD,38.48,38.68,36.21,36.94,25513076.0,-0.003775620280474623
2024-12-19 05:00:00+00:00,MSFT,441.62,443.1834,436.32,437.03,22963681.0,-0.0008230640846841331
2024-12-19 05:00:00+00:00,AAPL,247.5,252.0,247.0949,249.79,60882264.0,0.007014714775246844
2024-12-20 05:00:00+00:00,MSFT,433.11,443.74,428.63,436.6,64263694.0,-0.000983914147770104
2024-12-20 05:00:00+00:00,AAPL,248.04,255.0,245.69,254.49,147495267.0,0.01881580527643223
2024-12-20 05:00:00+00:00,HOOD,35.11,38.475,34.02,38.33,29109086.0,0.03762858689767201
2024-12-23 05:00:00+00:00,MSFT,436.74,437.65,432.83,435.25,19152519.0,-0.003092075125973537
2024-12-23 05:00:00+00:00,AAPL,254.77,255.65,253.45,255.27,40858774.0,0.0030649534362843234
2024-12-23 05:00:00+00:00,HOOD,37.92,38.5,37.08,37.5,16662277.0,-0.02165405687451083
2024-12-24 05:00:00+00:00,HOOD,38.0,39.59,37.69,39.58,10144491.0,0.05546666666666655
2024-12-24 05:00:00+00:00,MSFT,434.65,439.6,434.19,439.33,7164543.0,0.009373923032739873
2024-12-24 05:00:00+00:00,AAPL,255.49,258.21,255.29,258.2,23234705.0,0.011478042856583048
2024-12-26 05:00:00+00:00,HOOD,39.34,40.465,38.8,40.38,11906954.0,0.02021222839818093
2024-12-26 05:00:00+00:00,AAPL,258.19,260.1,257.63,259.02,27262983.0,0.003175832687838831
2024-12-26 05:00:00+00:00,MSFT,439.08,440.94,436.63,438.11,8199927.0,-0.0027769558190881005
2024-12-27 05:00:00+00:00,MSFT,434.6,435.22,426.35,430.53,18117713.0,-0.017301590924653665
2024-12-27 05:00:00+00:00,HOOD,40.25,40.44,38.22,39.02,14388802.0,-0.03368003962357602
2024-12-27 05:00:00+00:00,AAPL,257.83,258.7,253.06,255.59,42355321.0,-0.013242220677939898
2024-12-30 05:00:00+00:00,MSFT,426.06,427.55,421.9,424.83,13158703.0,-0.013239495505539711
2024-12-30 05:00:00+00:00,HOOD,37.81,38.96,37.4501,38.28,12749635.0,-0.0189646335212712
2024-12-30 05:00:00+00:00,AAPL,252.23,253.5,250.75,252.2,35557542.0,-0.013263429711647623
2024-12-31 05:00:00+00:00,MSFT,426.1,426.73,420.66,421.5,13246509.0,-0.0078384294894428
2024-12-31 05:00:00+00:00,HOOD,38.95,39.1,37.03,37.26,14168069.0,-0.026645768025078453
2024-12-31 05:00:00+00:00,AAPL,252.44,253.28,249.43,250.42,39480718.0,-0.007057890563045177
2025-01-02 05:00:00+00:00,MSFT,425.53,426.07,414.85,418.58,16896469.0,-0.006927639383155437
2025-01-02 05:00:00+00:00,AAPL,248.93,249.1,241.8201,243.85,55740731.0,-0.026235923648270876
2025-01-02 05:00:00+00:00,HOOD,38.54,39.7,37.35,39.44,18993324.0,0.05850778314546434
2025-01-03 05:00:00+00:00,HOOD,39.78,41.38,39.0243,41.35,19978820.0,0.048427991886409893
2025-01-03 05:00:00+00:00,AAPL,243.36,244.18,241.89,243.36,40244114.0,-0.002009432027885949
2025-01-03 05:00:00+00:00,MSFT,421.08,424.03,419.54,423.35,16662943.0,0.011395671078407998
2025-01-06 05:00:00+00:00,AAPL,244.31,247.33,243.2,245.0,45045571.0,0.006738987508218219
2025-01-06 05:00:00+00:00,MSFT,428.0,434.32,425.4774,427.85,20573648.0,0.010629502775481248
2025-01-06 05:00:00+00:00,HOOD,42.11,43.12,41.46,42.71,22219294.0,0.03288996372430475
2025-01-07 05:00:00+00:00,HOOD,42.33,43.1876,39.865,40.56,17649192.0,-0.050339498946382566
2025-01-07 05:00:00+00:00,AAPL,242.98,245.55,241.35,242.21,40855960.0,-0.01138775510204082
2025-01-07 05:00:00+00:00,MSFT,429.0,430.65,420.8,422.37,18139065.0,-0.012808227182423804
2025-01-08 05:00:00+00:00,MSFT,423.46,426.97,421.54,424.56,15054575.0,0.00518502734569215
2025-01-08 05:00:00+00:00,HOOD,40.255,40.8299,39.21,40.81,14022227.0,0.0061637080867849026
2025-01-08 05:00:00+00:00,AAPL,241.92,243.7123,240.05,242.7,37628940.0,0.0020230378597083654
2025-01-10 05:00:00+00:00,MSFT,424.63,424.71,415.02,418.95,20201132.0,-0.013213680045223275
2025-01-10 05:00:00+00:00,HOOD,40.07,40.53,38.78,40.08,13972851.0,-0.017887772604753827
2025-01-10 05:00:00+00:00,AAPL,240.01,240.16,233.0,236.85,61710856.0,-0.02410383189122367
2025-01-13 05:00:00+00:00,AAPL,233.53,234.67,229.72,234.4,49630725.0,-0.010344099641123039
2025-01-13 05:00:00+00:00,HOOD,39.01,39.7971,38.42,39.59,13763124.0,-0.012225548902195515
2025-01-13 05:00:00+00:00,MSFT,415.235,418.5,412.29,417.19,17604780.0,-0.0042009786370688085
2025-01-14 05:00:00+00:00,MSFT,417.81,419.74,410.72,415.67,16935857.0,-0.0036434238596322333
2025-01-14 05:00:00+00:00,AAPL,234.75,236.12,232.472,233.28,39435294.0,-0.004778156996587013
2025-01-14 05:00:00+00:00,HOOD,41.8,43.77,41.28,41.76,32498785.0,0.05481182116696126
2025-01-15 05:00:00+00:00,AAPL,234.635,238.96,234.43,237.87,39831969.0,0.01967592592592604
2025-01-15 05:00:00+00:00,HOOD,43.99,46.22,43.6426,45.56,32265261.0,0.09099616858237569
2025-01-15 05:00:00+00:00,MSFT,419.13,428.15,418.265,426.31,19637838.0,0.025597228570741093
2025-01-16 05:00:00+00:00,HOOD,45.61,46.85,45.25,46.08,18649726.0,0.0114135206321333
2025-01-16 05:00:00+00:00,AAPL,237.35,238.01,228.03,228.26,71759052.0,-0.040400218606802096
2025-01-16 05:00:00+00:00,MSFT,428.695,429.49,424.39,424.58,15300023.0,-0.004058079801083747
2025-01-17 05:00:00+00:00,HOOD,47.74,49.27,46.97,48.15,35226552.0,0.044921875
2025-01-17 05:00:00+00:00,MSFT,434.085,434.48,428.17,429.03,26197507.0,0.010480945875924519
2025-01-17 05:00:00+00:00,AAPL,232.115,232.29,228.48,229.98,68488301.0,0.00753526680101646
2025-01-21 05:00:00+00:00,HOOD,49.93,50.64,48.15,50.0,29947067.0,0.03842159916926269
2025-01-21 05:00:00+00:00,MSFT,430.2,430.8999,425.595,428.5,26085703.0,-0.0012353448476796203
2025-01-21 05:00:00+00:00,AAPL,224.0,224.42,219.38,222.64,98070429.0,-0.031915818766849346
2025-01-22 05:00:00+00:00,MSFT,437.56,447.27,436.0,446.2,27803811.0,0.04130688448074671
2025-01-22 05:00:00+00:00,AAPL,219.79,224.12,219.79,223.83,64126500.0,0.005344951491196737
2025-01-22 05:00:00+00:00,HOOD,50.21,51.09,49.72,50.16,20153173.0,0.0031999999999998696
2025-01-23 05:00:00+00:00,MSFT,442.0,446.75,441.5048,446.71,18389270.0,0.0011429852084265946
2025-01-23 05:00:00+00:00,HOOD,49.39,50.91,49.26,50.36,16838695.0,0.003987240829346206
2025-01-23 05:00:00+00:00,AAPL,224.74,227.03,222.3,223.66,60234760.0,-0.0007595049814592691
2025-01-24 05:00:00+00:00,HOOD,50.91,52.06,50.6,51.12,19901090.0,0.015091342335186608
2025-01-24 05:00:00+00:00,MSFT,445.16,446.65,441.4,444.06,15549453.0,-0.005932260303104897
2025-01-24 05:00:00+00:00,AAPL,224.78,225.63,221.41,222.78,54697907.0,-0.003934543503532173
2025-01-27 05:00:00+00:00,AAPL,224.02,232.15,223.98,229.86,94863418.0,0.0317802316186373
2025-01-27 05:00:00+00:00,MSFT,424.01,435.2,423.5,434.56,35647805.0,-0.021393505382155564
2025-01-27 05:00:00+00:00,HOOD,48.33,50.145,46.66,47.74,29648685.0,-0.0661189358372456
2025-01-28 05:00:00+00:00,AAPL,230.85,240.19,230.81,238.26,75707569.0,0.03654398329417896
2025-01-28 05:00:00+00:00,HOOD,47.8977,49.8,47.0107,49.4,17600425.0,0.034771679932970256
2025-01-28 05:00:00+00:00,MSFT,434.6,448.38,431.38,447.2,23491703.0,0.02908689248895424
2025-01-29 05:00:00+00:00,MSFT,446.69,446.88,440.4,442.33,23581370.0,-0.0108899821109123
2025-01-29 05:00:00+00:00,HOOD,48.82,51.71,48.6,51.15,17767585.0,0.03542510121457498
2025-01-29 05:00:00+00:00,AAPL,234.12,239.855,234.01,239.36,45486100.0,0.004616805170821969
2025-01-30 05:00:00+00:00,MSFT,418.77,422.86,413.16,414.99,54586260.0,-0.06180905658671121
2025-01-30 05:00:00+00:00,AAPL,238.665,240.79,237.21,237.59,55658279.0,-0.007394719251336945
2025-01-30 05:00:00+00:00,HOOD,51.96,53.5098,51.0664,53.0,16825706.0,0.03616813294232646
2025-01-31 05:00:00+00:00,AAPL,247.19,247.19,233.44,236.0,101075128.0,-0.006692200850204166
2025-01-31 05:00:00+00:00,MSFT,418.98,420.69,414.91,415.06,34223388.0,0.00016867876334369925
2025-01-31 05:00:00+00:00,HOOD,53.26,53.49,51.635,51.95,14361174.0,-0.01981132075471692
2025-02-03 05:00:00+00:00,HOOD,48.49,52.32,48.08,51.9,19025605.0,-0.0009624639076035724
2025-02-03 05:00:00+00:00,AAPL,229.99,231.83,225.7,228.01,72998404.0,-0.033855932203389894
2025-02-03 05:00:00+00:00,MSFT,411.6,415.41,408.66,410.92,25649334.0,-0.009974461523635125
2025-02-04 05:00:00+00:00,AAPL,227.25,233.13,226.65,232.8,44902694.0,0.021007850532871464
2025-02-04 05:00:00+00:00,HOOD,52.0,53.31,51.54,52.58,17433541.0,0.013102119460500994
2025-02-04 05:00:00+00:00,MSFT,412.685,413.9199,409.74,412.37,20384293.0,0.0035286673805119406
2025-02-05 05:00:00+00:00,MSFT,412.35,413.827,410.4,413.29,16336188.0,0.002231006135266833
2025-02-05 05:00:00+00:00,AAPL,228.53,232.67,228.27,232.47,39664989.0,-0.0014175257731959823
2025-02-05 05:00:00+00:00,HOOD,52.32,54.33,52.21,54.2,16673362.0,0.030810193990110424
2025-02-06 05:00:00+00:00,AAPL,231.285,233.8,230.425,233.22,29925349.0,0.003226222738417883
2025-02-06 05:00:00+00:00,HOOD,54.8,54.88,52.16,53.17,15893947.0,-0.01900369003690039
2025-02-06 05:00:00+00:00,MSFT,414.0,418.2,414.0,415.82,16309755.0,0.006121609523578986
2025-02-07 05:00:00+00:00,MSFT,416.48,418.65,408.1,409.75,22761117.0,-0.014597662450098636
2025-02-07 05:00:00+00:00,AAPL,232.6,234.0,227.26,227.63,39487057.0,-0.023968784838350077
2025-02-07 05:00:00+00:00,HOOD,54.39,55.98,54.11,55.86,24951748.0,0.05059243934549551
2025-02-10 05:00:00+00:00,AAPL,229.57,230.585,227.2,227.65,33102191.0,8.786188112286375e-05
2025-02-10 05:00:00+00:00,MSFT,413.71,415.4624,410.92,412.22,20806118.0,0.006028065893837864
2025-02-10 05:00:00+00:00,HOOD,57.18,57.27,55.55,56.27,23541750.0,0.0073397780164699
2025-02-11 05:00:00+00:00,MSFT,409.64,412.49,409.3,411.44,18140592.0,-0.0018921934889137848
2025-02-11 05:00:00+00:00,HOOD,55.9,55.9899,53.28,53.34,24210924.0,-0.05207037497778566
2025-02-11 05:00:00+00:00,AAPL,228.2,235.23,228.13,232.62,53718362.0,0.021831759279595797
2025-02-12 05:00:00+00:00,AAPL,231.2,236.96,230.68,236.87,45243292.0,0.018270140142722102
2025-02-12 05:00:00+00:00,MSFT,407.21,410.75,404.3673,409.04,19121734.0,-0.005833171300797191
2025-02-12 05:00:00+00:00,HOOD,53.1703,56.74,52.65,55.91,48482717.0,0.04818147731533551
2025-02-13 05:00:00+00:00,HOOD,62.09,66.91,61.2,63.8,77989658.0,0.14111965659094983
2025-02-13 05:00:00+00:00,AAPL,236.91,242.3399,235.57,241.53,53614054.0,0.01967323848524516
2025-02-13 05:00:00+00:00,MSFT,407.0,411.0,406.36,410.54,23891731.0,0.003667123019753582
2025-02-14 05:00:00+00:00,HOOD,63.305,66.0799,61.7214,65.28,39353322.0,0.02319749216300937
2025-02-14 05:00:00+00:00,AAPL,241.25,245.55,240.99,244.6,40896227.0,0.012710636359872352
2025-02-14 05:00:00+00:00,MSFT,407.79,408.91,405.88,408.43,22758464.0,-0.005139572270667969
2025-02-18 05:00:00+00:00,HOOD,65.21,65.578,59.901,60.44,42371179.0,-0.07414215686274517
2025-02-18 05:00:00+00:00,MSFT,408.0,410.597,406.5,409.64,21423051.0,0.002962563964449272
2025-02-18 05:00:00+00:00,AAPL,244.15,245.18,241.84,244.47,48822491.0,-0.0005314799672935244
2025-02-19 05:00:00+00:00,MSFT,407.88,415.49,407.65,414.77,24099715.0,0.012523191094619746
2025-02-19 05:00:00+00:00,AAPL,244.66,246.01,243.1604,244.87,32146308.0,0.001636192579866691
2025-02-19 05:00:00+00:00,HOOD,61.09,61.9108,58.65,59.23,26098581.0,-0.020019854401058912
2025-02-20 05:00:00+00:00,HOOD,59.09,59.1,54.23,56.06,36348815.0,-0.05352017558669586
2025-02-20 05:00:00+00:00,MSFT,415.29,419.31,412.54,416.13,23508728.0,0.0032789256696483804
2025-02-20 05:00:00+00:00,AAPL,244.94,246.78,244.29,245.83,32316907.0,0.0039204475844325515
2025-02-21 05:00:00+00:00,MSFT,417.335,418.048,407.89,408.21,27524799.0,-0.019032513877874746
2025-02-21 05:00:00+00:00,AAPL,245.95,248.69,245.22,245.55,53197431.0,-0.0011389984948948495
2025-02-21 05:00:00+00:00,HOOD,57.87,57.87,51.44,51.6,33697496.0,-0.07955761683910101
2025-02-24 05:00:00+00:00,MSFT,408.51,409.37,399.32,404.0,26443656.0,-0.01031331912496014
2025-02-24 05:00:00+00:00,AAPL,244.925,248.86,244.42,247.1,51326396.0,0.006312360008144946
2025-02-24 05:00:00+00:00,HOOD,52.24,52.56,47.97,49.93,40671138.0,-0.03236434108527131
2025-02-25 05:00:00+00:00,MSFT,401.1,401.915,396.7,397.9,29387402.0,-0.015099009900990112
2025-02-25 05:00:00+00:00,HOOD,47.51,48.84,44.02,45.92,59731336.0,-0.08031243741237726
2025-02-25 05:00:00+00:00,AAPL,248.0,250.0,244.91,247.04,48013272.0,-0.00024281667341163882
2025-02-26 05:00:00+00:00,MSFT,398.01,403.6,394.245,399.73,19618954.0,0.004599145513948244
2025-02-26 05:00:00+00:00,AAPL,244.33,244.98,239.13,240.36,44433564.0,-0.027040155440414382
2025-02-26 05:00:00+00:00,HOOD,47.3099,50.52,46.54,48.85,43276502.0,0.06380662020905925
2025-02-27 05:00:00+00:00,MSFT,401.265,405.74,392.17,392.53,21127406.0,-0.018012158206789697
2025-02-27 05:00:00+00:00,HOOD,51.76,52.93,48.42,48.78,48032953.0,-0.001432958034800369
2025-02-27 05:00:00+00:00,AAPL,239.41,242.46,237.06,237.3,41153639.0,-0.01273090364453322
2025-02-28 05:00:00+00:00,AAPL,236.95,242.09,230.2,241.84,56833360.0,0.01913190054782965
2025-02-28 05:00:00+00:00,HOOD,48.185,51.17,47.41,50.1,46083537.0,0.027060270602706105
2025-02-28 05:00:00+00:00,MSFT,392.655,397.63,386.57,396.99,32845658.0,0.011362188877283463
2025-03-03 05:00:00+00:00,HOOD,54.72,54.8399,46.68,46.89,52710119.0,-0.06407185628742518
2025-03-03 05:00:00+00:00,AAPL,241.79,244.0272,236.112,238.03,47183985.0,-0.015754217664571635
2025-03-03 05:00:00+00:00,MSFT,398.82,398.82,386.155,388.49,23007726.0,-0.021411118667976514
2025-03-04 05:00:00+00:00,HOOD,45.19,48.27,42.14,46.22,62405435.0,-0.014288760929835775
2025-03-04 05:00:00+00:00,AAPL,237.705,240.07,234.68,235.93,53798062.0,-0.008822417342351785
2025-03-04 05:00:00+00:00,MSFT,383.4,392.58,381.0,388.61,29342923.0,0.0003088882596720133
2025-03-05 05:00:00+00:00,HOOD,46.7,48.29,44.92,48.12,33830089.0,0.041107745564690656
2025-03-05 05:00:00+00:00,MSFT,389.34,401.67,388.81,401.02,23433132.0,0.031934330048120074
2025-03-05 05:00:00+00:00,AAPL,235.42,236.55,229.23,235.74,47227643.0,-0.0008053236129360597
2025-03-06 05:00:00+00:00,AAPL,234.435,237.86,233.1581,235.33,45170419.0,-0.0017392042080257575
2025-03-06 05:00:00+00:00,MSFT,394.28,402.15,392.6777,396.89,23304625.0,-0.010298738217545234
2025-03-06 05:00:00+00:00,HOOD,46.23,48.7899,44.66,44.84,40627629.0,-0.06816292601828744
2025-03-07 05:00:00+00:00,HOOD,43.64,45.37,40.95,44.42,53582224.0,-0.009366636931311345
2025-03-07 05:00:00+00:00,MSFT,392.32,394.8,385.54,393.31,22034087.0,-0.00902013152258807
2025-03-07 05:00:00+00:00,AAPL,235.105,241.37,234.76,239.07,46273565.0,0.01589257638210162
2025-03-10 04:00:00+00:00,MSFT,385.84,386.4,377.22,380.16,32840134.0,-0.03343418677379162
2025-03-10 04:00:00+00:00,HOOD,40.925,41.1974,35.23,35.63,89410578.0,-0.19788383610986038
2025-03-10 04:00:00+00:00,AAPL,235.54,236.16,224.22,227.48,72071197.0,-0.048479524825364995
2025-03-11 04:00:00+00:00,MSFT,379.0,386.0,376.91,380.45,30380177.0,0.0007628367003365
2025-03-11 04:00:00+00:00,AAPL,223.805,225.8399,217.45,220.84,76137410.0,-0.029189379286091
2025-03-11 04:00:00+00:00,HOOD,36.195,38.35,35.57,36.36,69609283.0,0.020488352511928154
2025-03-12 04:00:00+00:00,HOOD,38.99,39.671,36.8509,38.92,50844261.0,0.07040704070407044
2025-03-12 04:00:00+00:00,MSFT,382.95,385.2165,378.9507,383.27,24253567.0,0.007412274937574015
2025-03-12 04:00:00+00:00,AAPL,220.14,221.75,214.91,216.98,62547467.0,-0.017478717623618967
2025-03-13 04:00:00+00:00,MSFT,383.155,385.32,377.45,378.77,20473017.0,-0.011741070263782682
2025-03-13 04:00:00+00:00,AAPL,215.95,216.8394,208.42,209.68,61368330.0,-0.03364365379297618
2025-03-13 04:00:00+00:00,HOOD,38.27,38.68,35.91,36.02,47786339.0,-0.07451181911613558
2025-03-14 04:00:00+00:00,HOOD,37.4,39.46,37.01,39.24,37821445.0,0.08939478067740136
2025-03-14 04:00:00+00:00,AAPL,211.25,213.95,209.58,213.49,60107582.0,0.018170545593285015
2025-03-14 04:00:00+00:00,MSFT,379.775,390.23,379.51,388.56,19952846.0,0.02584681996990268
2025-03-17 04:00:00+00:00,HOOD,39.35,42.92,38.96,42.02,45895475.0,0.0708460754332314
2025-03-17 04:00:00+00:00,AAPL,213.31,215.22,209.97,214.0,48073426.0,0.0023888706730994524
2025-03-17 04:00:00+00:00,MSFT,386.7,392.705,385.57,388.7,22474272.0,0.0003603047148446059
2025-03-18 04:00:00+00:00,MSFT,387.07,387.37,381.1,383.52,19486850.0,-0.013326472858245397
2025-03-18 04:00:00+00:00,AAPL,214.16,215.15,211.49,212.69,42432426.0,-0.006121495327102822
2025-03-18 04:00:00+00:00,HOOD,40.8,41.56,38.8495,40.1,44644585.0,-0.045692527367920066
2025-03-19 04:00:00+00:00,MSFT,385.525,389.68,384.0,387.82,19185532.0,0.011211931581143197
2025-03-19 04:00:00+00:00,AAPL,214.22,218.76,213.75,215.24,54385391.0,0.011989280173021921
2025-03-19 04:00:00+00:00,HOOD,40.775,43.84,40.1763,42.8,56447054.0,0.06733167082294256
2025-03-20 04:00:00+00:00,HOOD,42.2,44.24,41.93,43.66,49146631.0,0.02009345794392514
2025-03-20 04:00:00+00:00,MSFT,385.735,391.785,383.28,386.84,18470542.0,-0.002526945490175847
2025-03-20 04:00:00+00:00,AAPL,213.99,217.4899,212.22,214.1,48862947.0,-0.005296413306076997
2025-03-21 04:00:00+00:00,MSFT,383.215,391.74,382.8,391.26,39675928.0,0.011425912521972892
2025-03-21 04:00:00+00:00,AAPL,211.56,218.84,211.28,218.27,94127768.0,0.019476879962634364
2025-03-21 04:00:00+00:00,HOOD,41.95,44.73,41.5,44.36,43674238.0,0.016032982134677187
2025-03-24 04:00:00+00:00,AAPL,221.0,221.48,218.58,220.73,44299483.0,0.011270444861868123
2025-03-24 04:00:00+00:00,MSFT,395.4,395.4,389.81,393.08,21004548.0,0.004651638296784721
2025-03-24 04:00:00+00:00,HOOD,46.4,48.99,46.1,48.36,50761994.0,0.09017132551848506
2025-03-25 04:00:00+00:00,HOOD,48.75,49.88,47.2,48.15,43367872.0,-0.004342431761786614
2025-03-25 04:00:00+00:00,MSFT,393.915,396.36,392.64,395.16,15774968.0,0.005291543706115842
2025-03-25 04:00:00+00:00,AAPL,220.77,224.1,220.08,223.75,34493583.0,0.013681873782449117
2025-03-26 04:00:00+00:00,MSFT,395.0,395.31,388.57,389.97,16132906.0,-0.013133920437291224
2025-03-26 04:00:00+00:00,HOOD,47.98,48.0,43.8,44.73,45124410.0,-0.07102803738317764
2025-03-26 04:00:00+00:00,AAPL,223.51,225.02,220.47,221.53,34532656.0,-0.009921787709497254
2025-03-27 04:00:00+00:00,MSFT,390.13,392.24,387.395,390.58,13766761.0,0.0015642228889400922
2025-03-27 04:00:00+00:00,HOOD,44.11,45.59,43.24,43.99,51945507.0,-0.01654370668455163
2025-03-27 04:00:00+00:00,AAPL,221.39,224.99,220.5601,223.85,37094774.0,0.01047262221820966
2025-03-28 04:00:00+00:00,HOOD,42.69,43.07,40.57,41.92,44330419.0,-0.04705614912480105
2025-03-28 04:00:00+00:00,AAPL,221.67,223.81,217.68,217.9,39818617.0,-0.026580299307571997
2025-03-28 04:00:00+00:00,MSFT,388.08,389.13,376.93,378.8,21632016.0,-0.03016027446361813
2025-03-31 04:00:00+00:00,AAPL,217.005,225.62,216.23,222.13,65298894.0,0.01941257457549339
2025-03-31 04:00:00+00:00,MSFT,372.535,377.07,367.24,375.39,35184173.0,-0.009002111932418178
2025-03-31 04:00:00+00:00,HOOD,39.775,41.95,38.8382,41.62,40954764.0,-0.007156488549618367
2025-04-01 04:00:00+00:00,HOOD,41.8,43.37,40.61,42.16,42942708.0,0.012974531475252293
2025-04-01 04:00:00+00:00,AAPL,219.805,223.68,218.9,223.19,36412740.0,0.004771980371854223
2025-04-01 04:00:00+00:00,MSFT,374.65,382.85,373.23,382.19,19689503.0,0.01811449425930367
2025-04-02 04:00:00+00:00,AAPL,221.315,225.19,221.02,223.89,35905904.0,0.003136341233926254
2025-04-02 04:00:00+00:00,MSFT,377.965,385.08,376.62,382.14,16092555.0,-0.00013082498233862871
2025-04-02 04:00:00+00:00,HOOD,40.69,43.5986,40.55,42.68,44551414.0,0.012333965844402384
2025-04-03 04:00:00+00:00,AAPL,205.54,207.49,201.25,203.19,103418915.0,-0.09245611684309252
2025-04-03 04:00:00+00:00,MSFT,374.785,377.48,369.35,373.11,30197957.0,-0.02363008321557536
2025-04-03 04:00:00+00:00,HOOD,37.975,39.8897,37.44,38.26,62216640.0,-0.10356138706654172
2025-04-04 04:00:00+00:00,HOOD,35.625,36.25,31.59,34.51,80694668.0,-0.09801359121798225
2025-04-04 04:00:00+00:00,MSFT,364.125,374.59,359.48,359.84,49209110.0,-0.035565918897912274
2025-04-04 04:00:00+00:00,AAPL,193.89,199.88,187.34,188.38,125908914.0,-0.07288744524828983
2025-04-07 04:00:00+00:00,HOOD,30.6728,37.1078,29.66,35.41,81135643.0,0.026079397276151717
2025-04-07 04:00:00+00:00,MSFT,350.88,370.9999,344.79,357.86,50424998.0,-0.005502445531347155
2025-04-07 04:00:00+00:00,AAPL,177.2,194.15,174.62,181.46,160466286.0,-0.03673426053721196
2025-04-08 04:00:00+00:00,MSFT,368.255,373.65,350.25,354.56,35866421.0,-0.009221483261610763
2025-04-08 04:00:00+00:00,AAPL,186.7,190.335,169.2101,172.42,120853216.0,-0.049818141739226385
2025-04-08 04:00:00+00:00,HOOD,37.135,37.85,33.085,34.17,63298007.0,-0.035018356396497974
2025-04-09 04:00:00+00:00,HOOD,33.71,42.68,33.55,42.21,88291806.0,0.23529411764705888
2025-04-09 04:00:00+00:00,AAPL,171.95,200.61,171.89,198.85,184386792.0,0.15328848161466202
2025-04-09 04:00:00+00:00,MSFT,353.535,393.225,353.1,390.49,50194732.0,0.10133686823104693
2025-04-10 04:00:00+00:00,AAPL,189.065,194.7799,183.0,190.42,121879981.0,-0.042393764143827006
2025-04-10 04:00:00+00:00,HOOD,40.3,42.13,37.78,40.51,64055469.0,-0.04027481639421948
2025-04-10 04:00:00+00:00,MSFT,382.06,383.9,367.8,381.35,38024368.0,-0.023406489282696064
2025-04-11 04:00:00+00:00,AAPL,186.1,199.54,186.06,198.15,87435915.0,0.040594475370234306
2025-04-11 04:00:00+00:00,HOOD,40.735,43.79,40.08,43.68,51352111.0,0.07825228338681822
2025-04-11 04:00:00+00:00,MSFT,380.635,390.05,378.89,388.45,23839220.0,0.018618067392159432
2025-04-14 04:00:00+00:00,AAPL,211.44,212.94,201.1621,202.52,101352911.0,0.022053999495331933
2025-04-14 04:00:00+00:00,HOOD,45.01,45.09,42.51,44.14,45143549.0,0.010531135531135494
2025-04-14 04:00:00+00:00,MSFT,393.22,394.65,384.21,387.81,19251172.0,-0.0016475736903075466
2025-04-15 04:00:00+00:00,AAPL,201.855,203.51,199.8,202.14,51343872.0,-0.001876357890578828
2025-04-15 04:00:00+00:00,HOOD,44.19,45.56,43.6871,44.08,30788325.0,-0.001359311282283726
2025-04-15 04:00:00+00:00,MSFT,388.505,391.89,384.1599,385.73,17199890.0,-0.005363451174544176
2025-04-16 04:00:00+00:00,HOOD,41.86,43.1396,40.07,40.66,46736539.0,-0.07758620689655171
2025-04-16 04:00:00+00:00,MSFT,380.67,381.61,368.0,371.61,21967826.0,-0.03660591605527186
2025-04-16 04:00:00+00:00,AAPL,198.36,200.7,192.37,194.27,59732423.0,-0.03893341248639548
2025-04-17 04:00:00+00:00,HOOD,41.03,41.75,40.12,41.18,23940030.0,0.012788981800295307
2025-04-17 04:00:00+00:00,MSFT,373.745,374.3215,366.89,367.78,21120167.0,-0.010306504130674687
2025-04-17 04:00:00+00:00,AAPL,197.2,198.8335,194.42,196.98,52164408.0,0.013949657692901463
2025-04-21 04:00:00+00:00,AAPL,193.265,193.8,189.8112,193.16,46742537.0,-0.019392831759569518
2025-04-21 04:00:00+00:00,HOOD,40.73,41.559,39.21,39.85,27727654.0,-0.032297231665857185
2025-04-21 04:00:00+00:00,MSFT,362.815,364.48,355.67,359.12,20807279.0,-0.023546685518516464
2025-04-22 04:00:00+00:00,HOOD,41.03,43.37,40.8115,42.09,39231497.0,0.056210790464241045
2025-04-22 04:00:00+00:00,AAPL,196.12,201.59,195.97,199.74,52976297.0,0.03406502381445442
2025-04-22 04:00:00+00:00,MSFT,363.375,367.77,359.8602,366.82,19484845.0,0.02144130095789709
2025-04-23 04:00:00+00:00,AAPL,206.0,208.0,202.799,204.6,52929165.0,0.024331631120456443
2025-04-23 04:00:00+00:00,MSFT,376.06,380.39,373.02,374.39,20545526.0,0.02063682460062144
2025-04-23 04:00:00+00:00,HOOD,45.3,47.22,44.27,44.66,48982836.0,0.06105963411736748
2025-04-24 04:00:00+00:00,MSFT,375.695,388.45,375.19,387.3,22232289.0,0.034482758620689724
2025-04-24 04:00:00+00:00,HOOD,45.09,48.28,44.96,48.15,42991303.0,0.07814599193909544
2025-04-24 04:00:00+00:00,AAPL,204.89,208.8299,202.94,208.37,47310989.0,0.01842619745845564
2025-04-25 04:00:00+00:00,MSFT,387.0,392.16,384.6,391.85,18973165.0,0.011747998967208906
2025-04-25 04:00:00+00:00,HOOD,48.9,49.99,48.48,49.45,34624078.0,0.026998961578400982
2025-04-25 04:00:00+00:00,AAPL,206.365,209.75,206.2,209.28,38222258.0,0.004367231367279345
2025-04-28 04:00:00+00:00,HOOD,50.52,51.07,47.74,48.93,35080971.0,-0.010515672396359976
2025-04-28 04:00:00+00:00,AAPL,210.0,211.5,207.46,210.14,38743074.0,0.004109327217125314
2025-04-28 04:00:00+00:00,MSFT,391.955,392.74,386.638,391.16,16579430.0,-0.0017608778869465658
2025-04-29 04:00:00+00:00,MSFT,391.3,395.1,390.38,394.04,14973976.0,0.007362716024133409
2025-04-29 04:00:00+00:00,AAPL,208.693,212.24,208.37,211.21,36827633.0,0.005091843532882834
2025-04-29 04:00:00+00:00,HOOD,49.44,49.8799,48.46,49.37,28708360.0,0.008992438176987472
